First Name,Last Name,Phone,Email,Country,Password
Ahmet,Ferreira,+81 2512966325,finn.becker36@outlook.com,Germany,2Q$w4Oz8@I
Haruto,Kaya,+33 1424062744,sneha.joshi19@outlook.com,Japan,m4i8BoKv%W
Yuki,Patel,+91 5824023766,amit.kumar77@outlook.com,Brazil,R_4*Jdx&3)
Ines,Kobayashi,+91 6095740092,elif.çelik18@outlook.com,China,H6&CRSFm+t
Anastasia,Dubois,+55 3919044983,anjali.sharma81@yahoo.com,Russia,F65*HjYw_*
Laura,Zhao,+55 8617730688,seojun.kang28@hotmail.com,Brazil,Q^F%5NPi+W
Seojun,Kobayashi,+49 2974651720,chloe.fournier91@gmail.com,Japan,Q6)5Le1t#$
Jing,Çelik,+7 9457782915,bo.liu97@hotmail.com,France,*24Jm4Aeg(
Ines,Reddy,+49 7732746368,hyun.park52@outlook.com,Russia,L53BndD&*t
Rafael,Yılmaz,+81 6575185998,camille.garcia45@hotmail.com,France,&BEt3HTd(_
Robert,Li,+82 4542392468,pedro.souza40@hotmail.com,Turkey,yv(l2AeiaQ
John,Moreau,+49 1041428937,seojun.yoon20@hotmail.com,Brazil,%RD*xO(rw9
James,Dubois,+90 3593882808,ali.çelik52@hotmail.com,United States,)6e0hTqIfb
Gabriel,Dubois,+7 5335025619,patricia.brown46@yahoo.com,Brazil,yNY7IDM^*8
Gabriel,Liu,+7 3465656297,elif.aydın27@hotmail.com,United States,^!b2YZhe(B
Jennifer,Miller,+82 1496374995,lan.wang85@yahoo.com,Russia,06qpDfTf$P
Mia,Oliveira,+55 4792926852,sakura.fujimoto37@hotmail.com,China,I@0u#rXq1h
Robert,Kim,+82 1294631101,ali.demir36@hotmail.com,France,*#ny4apiwS
Aiko,Garcia,+90 2052994024,neha.singh80@outlook.com,Turkey,w(3YsVGu$P
Gabriel,Yıldız,+82 4013433629,anastasia.morozov85@gmail.com,France,*rt7iJbp8y
Hyun,Yoon,+55 7682989101,mehmet.kaya17@outlook.com,United States,(4!5eD$u4p
Jennifer,Liu,+49 7000389086,arjun.patel59@hotmail.com,Germany,+7zlYPvkfg
Gyuri,Lefevre,+82 4271452818,jennifer.brown10@yahoo.com,India,8+bV3Cs7#n
Chen,Wu,+90 8724109911,ivan.sidorov83@yahoo.com,Brazil,$PGVu8Oy0%
Rahul,Yıldız,+82 9194623516,james.davis41@gmail.com,China,V7OgZ)QQ#g
Sneha,Becker,+49 9146584766,priya.sharma43@yahoo.com,India,*e3JYJryM4
Lucas,Jones,+82 9190683961,zeynep.aydın74@hotmail.com,Germany,!46v)VwoCU
Hiroshi,Jung,+49 4332224196,arjun.sharma34@yahoo.com,Germany,(lXy$m^V3g
Jing,Chen,+7 6943862784,anastasia.ivanov12@hotmail.com,France,TX4O(eyp^%
Amit,Roux,+90 3830740055,seojun.jung85@outlook.com,United States,L9DgOvao)F
Ana,Liu,+90 8325228244,nathan.lefevre90@outlook.com,Germany,@mcZXBtl8Y
Alexei,Kumar,+91 4906644879,ana.oliveira43@gmail.com,Russia,&!1yNL@gl4
Anna,Wagner,+33 3286761557,ivan.volkov51@outlook.com,Germany,r56ZXIygg(
Takeshi,Kuznetsov,+81 9473179028,wei.wang19@yahoo.com,Brazil,+1I9ry5k9H
Jing,Takahashi,+90 1799832945,nathan.lefevre56@yahoo.com,United States,x3c6RXfA+*
Elif,Öztürk,+7 9893934618,sneha.singh34@outlook.com,Japan,Z1URO1)s*q
Zeynep,Meyer,+91 3915555877,nathan.lefevre56@yahoo.com,Japan,ket3jTPAZ!
Neha,Weber,+91 7547375052,camille.moreau44@yahoo.com,Turkey,I*mKLfB2&3
Robert,Volkov,+1 3523055419,natalia.popov55@gmail.com,Russia,mZ11(fdo($
Matheus,Kim,+33 2485768920,dmitry.sidorov25@hotmail.com,Japan,c*a(G0YJEe
Rafael,Yıldız,+90 2004693487,alexei.kuznetsov69@gmail.com,South Korea,_dXOqZqt2F
Gabriel,Souza,+82 7882350931,natalia.popov82@outlook.com,South Korea,x3yYNtM&)2
Ines,Zhang,+7 5163506371,seojun.yoon14@yahoo.com,India,#Nf5MgPu^9
Amit,Morozov,+86 6944844865,anastasia.sidorov17@outlook.com,Turkey,h&2A_!lGwz
Elif,Matsumoto,+91 7519074297,ayşe.aydın30@yahoo.com,South Korea,!sj5FlHzOb
Sergey,Weber,+90 1207669942,lucas.roux57@gmail.com,South Korea,g2R^oG6z_&
Jiwon,Zhang,+90 7990801816,matheus.ferreira51@yahoo.com,China,GyA38Ve5+W
Jiwon,Kaya,+55 4035725680,ahmet.aydın15@gmail.com,Turkey,@X^OIIecx3
Haruto,Jones,+86 1586527113,neha.kumar85@gmail.com,United States,vAUvjUmp)1
Sakura,Demir,+91 3182881321,leon.fischer89@outlook.com,China,J(4HuIgi71
Lucas,Fujimoto,+49 7211334697,takeshi.fujimoto76@hotmail.com,United States,4c4Pae%(q+
Emma,Yılmaz,+81 5277347565,ayşe.demir85@outlook.com,Turkey,3eLgojxj!3
Dmitry,Becker,+49 6433970782,matheus.pereira69@outlook.com,France,L^4Zdn)l_L
Takeshi,Davis,+1 1713597690,yui.kobayashi27@outlook.com,India,n+&6Hd9kfC
Jiwon,Lee,+90 6739101383,lukas.weber67@yahoo.com,France,HnQ1kWw2X$
Hugo,Wang,+90 5655888653,rafael.oliveira31@yahoo.com,United States,@41tZms6_k
Jiwon,Silva,+82 3682170687,jennifer.davis26@yahoo.com,Turkey,!qVzHp@ul1
Ben,Pereira,+1 5900186815,ren.fujimoto78@hotmail.com,Germany,yv(l2AeiaQ
Rafael,Meyer,+1 5013001338,ines.lefevre35@yahoo.com,Turkey,BO)i0*Sw@!
Ahmet,Verma,+90 8559581721,sneha.kumar45@gmail.com,Brazil,&eHj5^DtcL
Mehmet,Souza,+55 3998491882,elif.şahin54@hotmail.com,Russia,+r8IQ@ulc$
Yui,Sharma,+49 8071517159,priya.kumar82@hotmail.com,China,fU+*7VKrJo
Mehmet,Williams,+82 8711138750,hiroshi.yamamoto71@gmail.com,Brazil,Cz(j5Xo(Ec
Anastasia,Lefevre,+7 6046891702,laura.schneider27@outlook.com,Japan,3z5O@RJb@z
Wei,Wagner,+81 9831076500,manon.girard56@gmail.com,India,!3qXOf5P$M
Amit,Kondo,+91 7963582342,seojun.lee53@hotmail.com,United States,U!w004Yl3Y
Wei,Şahin,+82 7085308149,john.jones79@hotmail.com,Russia,)^X&uLNr$8
Mary,Kim,+55 6125184354,lukas.schneider49@yahoo.com,Turkey,$2UlVDr17b
Camille,Lima,+91 6644367565,natalia.popov82@outlook.com,Japan,^EwD*coa47
Robert,Reddy,+1 4132118897,ali.demir89@hotmail.com,United States,H*6kG1kmO7
Jisoo,Saito,+90 2590796224,mehmet.çelik71@yahoo.com,Germany,#LU)TnC4*7
Natalia,Yang,+91 9944620941,camille.moreau70@gmail.com,South Korea,!j29Asn#5!
Mary,Brown,+49 2404552056,anna.becker49@hotmail.com,Brazil,$23CO+6k5&
Laura,Garcia,+82 8078871046,finn.meyer57@gmail.com,Turkey,4R7sNYso+C
Sergey,Nakagawa,+86 5965481958,gyuri.jung70@yahoo.com,Japan,#N3!Yv&VNg
Zeynep,Kaya,+1 5008394295,michael.davis93@outlook.com,Germany,r$o4okRqd&
Ren,Williams,+86 2125134100,elif.çelik48@yahoo.com,India,Gz+0YQQom_
Priya,Garcia,+91 5549746428,bo.wu54@hotmail.com,France,%B62Nk^4Ax
Sakura,Patel,+33 9748889663,gyuri.jung11@yahoo.com,Turkey,KMT4@&WhZ_
Jing,Saito,+81 2064559285,ayşe.demir85@outlook.com,Turkey,55!B4(^G+o
Ines,Saito,+91 1184964700,li.wang53@yahoo.com,Turkey,zM6d8yllo(
Emma,Petit,+90 1092630914,xiao.chen45@hotmail.com,France,73&6F4zy&h
Xiao,Chen,+91 1522714597,olga.morozov55@hotmail.com,Russia,(TSDjN1h#2
Minho,Wang,+82 2519450856,leon.wagner17@hotmail.com,Japan,H*6kG1kmO7
Camila,Garcia,+1 8309878993,zeynep.şahin23@hotmail.com,Turkey,quKW1C_j3#
Laura,Costa,+33 9670822928,leo.roux27@outlook.com,China,)I9!Mro6wC
Jisoo,Çelik,+91 1565460435,james.jones82@yahoo.com,South Korea,6RFzb_L8_9
Hasan,Sidorov,+7 2833747509,ines.petit61@outlook.com,Turkey,h$38mEFe9T
Ali,Petrov,+86 3082993109,emma.schmidt62@outlook.com,Japan,U9HcW4Yh@y
Rafael,Costa,+33 1886215465,neha.kumar12@yahoo.com,Russia,+bB3et!o8N
Ren,Park,+1 3014242650,minho.yoon71@outlook.com,South Korea,^)7wZ8t2k4
Alexei,Kuznetsov,+33 6986790999,xiao.zhao59@outlook.com,South Korea,X7*5LOhJtG
Yuki,Oliveira,+1 4229135336,camila.silva46@hotmail.com,Turkey,PkS3*4Mg((
Mehmet,Brown,+7 3465656297,amit.joshi67@outlook.com,India,!5TAFWuM!t
Matheus,Ferreira,+33 8703939912,hyun.kang81@outlook.com,Russia,B+q6CkNMr(
Ahmet,Lee,+86 5026128084,hasan.kaya38@hotmail.com,China,!7EC@3+vk(
Ines,Brown,+49 8055397888,ali.aydın68@hotmail.com,China,H@B8iORwc!
Finn,Souza,+33 5271394033,hyun.kim67@gmail.com,Japan,^ph6Y+yu3J
Li,Lefevre,+33 5487347562,michael.davis93@outlook.com,South Korea,$9IePTp6TO
Matheus,Brown,+55 2662876011,ines.petit39@yahoo.com,China,o!847fSdyg
Ivan,Aydın,+55 3298966112,matheus.santos63@outlook.com,Turkey,(lXy$m^V3g
Anjali,Weber,+90 8441643658,hasan.çelik20@outlook.com,Japan,dMS)8SrR3h
Ana,Takahashi,+1 4946760427,mia.schmidt37@hotmail.com,France,3+&7RGOq!2
Priya,Kaya,+33 9113560711,sergey.volkov13@gmail.com,India,z_)4Q4PjuF
Ana,Nakagawa,+1 5152918517,soojin.jung13@outlook.com,Turkey,3HJRlKMe)m
Jennifer,Saito,+7 3472200163,leo.petit58@yahoo.com,South Korea,fp9skpUq*2
Takeshi,Pereira,+33 3021207026,fatma.öztürk74@outlook.com,Japan,*6Xr&K^1qT
Anna,Lee,+49 2739203129,yuki.matsumoto43@outlook.com,Turkey,1&hq^0DyXQ
Mehmet,Roux,+82 5927694845,emma.becker98@yahoo.com,South Korea,c!57t#Tu&^
Ren,Choi,+55 4091220074,hyun.park81@yahoo.com,Turkey,^q_Pi^^34J
Nathan,Fujimoto,+7 7271214068,sakura.saito83@yahoo.com,South Korea,!7EC@3+vk(
Hana,Smirnov,+91 7755515977,soojin.cho21@hotmail.com,Russia,8FQEkYvx$b
Robert,Volkov,+90 5700794509,hana.park79@outlook.com,Brazil,Libe8Ociv%
Camille,Schneider,+81 6389182243,aiko.takahashi36@hotmail.com,China,n)FUy#Ye*5
John,Reddy,+82 1190997159,hana.cho59@hotmail.com,South Korea,^EwD*coa47
Lucas,Lefevre,+55 6425513392,alexei.ivanov22@hotmail.com,Turkey,QLpLUXuP+8
Leon,Sharma,+1 8938904195,amit.joshi27@gmail.com,United States,i^3CWXtrtI
Matheus,Petrov,+86 2097921666,finn.müller69@outlook.com,Japan,9NXkFEuy(p
Laura,Park,+1 7080281122,jing.zhao39@yahoo.com,Russia,Zepp3fHy$#
Olga,Yıldız,+90 7748122696,gabriel.oliveira58@yahoo.com,Turkey,3D7VlTPb_+
James,Becker,+7 1229576291,xiao.yang16@outlook.com,Germany,r$o4okRqd&
Patricia,Yamamoto,+91 6927355391,ren.yamamoto16@hotmail.com,United States,&3sHn6qf)F
Elif,Petit,+33 8603970497,pedro.silva97@outlook.com,Turkey,y4iP24f&#R
Laura,Zhang,+91 3770236520,james.davis30@hotmail.com,Turkey,Yr_a75EldB
Robert,Kondo,+7 9270061643,rafael.oliveira76@outlook.com,Japan,)K92QVp!lx
Soojin,Kobayashi,+81 7422055512,patricia.miller90@hotmail.com,South Korea,yNY7IDM^*8
Chen,Zhang,+1 7080281122,xiao.chen45@hotmail.com,United States,$%5HJz4Ji$
Sakura,Öztürk,+7 2000425348,yuki.kobayashi57@yahoo.com,France,@0pjDWrH8k
Lucas,Saito,+81 5855894626,priya.singh80@outlook.com,Japan,1&hq^0DyXQ
Ekaterina,Weber,+86 8457272199,mehmet.şahin87@hotmail.com,Turkey,U4SGzbgZ_!
Dmitry,Wu,+1 5430239107,lucas.moreau12@gmail.com,Germany,@YiEYZw_5#
Gabriel,Takahashi,+49 9590918936,mehmet.yılmaz95@yahoo.com,Brazil,UX5vWjVi%(
Yui,Wagner,+91 3107891152,ines.lefevre35@yahoo.com,China,^ibv67Sq2y
Pedro,Sidorov,+1 4605308792,dmitry.volkov26@hotmail.com,Russia,*!U@97Qo1u
Emma,Fischer,+55 8250114376,john.miller10@outlook.com,Russia,4*3zKcMNl*
Mei,Petrov,+86 1884833187,lucas.ferreira17@gmail.com,Germany,!2GriSCh8a
Ben,Yamamoto,+81 3486895949,laura.fischer12@hotmail.com,Turkey,&+3X!2Xqpp
Gyuri,Smith,+33 9748889663,alexei.petrov26@yahoo.com,Russia,27U@I$t0*$
Jing,Çelik,+7 4106169901,sergey.volkov16@yahoo.com,United States,c9rYoaax_x
Hugo,Saito,+91 4987592777,ren.fujimoto83@hotmail.com,United States,^xXqQ4gpv8
Natalia,Park,+86 4359453304,leon.schmidt83@outlook.com,Russia,^rufVKkJB7
Ren,Morozov,+91 4695344208,bo.liu43@gmail.com,France,Eh90C0)uj@
Linda,Popov,+86 4041614496,laura.becker70@gmail.com,South Korea,Bl2#V)l0)f
Lucas,Schmidt,+49 4303325962,ren.kobayashi23@hotmail.com,United States,4@2b&Nff&N
Anna,Fischer,+55 1516647692,ahmet.demir56@outlook.com,Russia,i91MWvnsu(
Seojun,Patel,+1 5211728029,ben.meyer27@yahoo.com,Turkey,!47!FscDyP
Haruto,Yamamoto,+81 9516684123,ayşe.kaya40@outlook.com,Japan,c!pN342w%O
Robert,Park,+49 6869922374,alexei.kuznetsov69@gmail.com,France,2B1v%)IrY(
Robert,Li,+90 5898540940,lucas.souza59@gmail.com,United States,obXT5OqxM)
Zeynep,Ferreira,+49 2404552056,dmitry.volkov76@yahoo.com,South Korea,rJl88Fzg_c
Jennifer,Müller,+90 9708008793,ekaterina.sidorov88@outlook.com,Brazil,at0ZieZn*1
Hasan,Joshi,+55 5167934092,neha.patel79@yahoo.com,South Korea,$W9aFzcDn1
Hasan,Müller,+7 2473544466,james.davis52@yahoo.com,Brazil,m8A5WYBr+C
Yui,Meyer,+33 1623635409,dmitry.morozov91@hotmail.com,South Korea,#UpMw)Wx8w
Natalia,Garcia,+91 1179364406,chen.wang68@yahoo.com,China,@QDTwQ6na3
Dmitry,Fournier,+82 5002495887,emma.becker19@outlook.com,Brazil,LsT)D3RiF)
Hana,Morozov,+33 9282239638,jennifer.davis42@hotmail.com,United States,9Wl5SybT#p
Anjali,Chen,+81 6404816104,elif.yılmaz26@gmail.com,China,_4GeahlS%C
Mehmet,Yamamoto,+1 1796859192,arjun.gupta48@hotmail.com,Japan,$bDF(Vgp4N
Natalia,Costa,+7 1286249194,sakura.yamamoto74@gmail.com,Germany,)0(RPMbW$b
Yuki,Yılmaz,+86 9417815457,wei.zhao20@yahoo.com,United States,_)d7rUe09s
Sakura,Brown,+86 9240826415,anna.müller68@hotmail.com,Brazil,J09B9CAn@C
Yuki,Smirnov,+7 6007605780,chen.li45@gmail.com,Brazil,@0%s#KxgAW
Hyun,Silva,+7 1417425382,leon.becker56@hotmail.com,China,1Z2M$wwO)8
Ali,Zhao,+82 4603404143,nathan.lefevre56@yahoo.com,South Korea,IKa%YICl!9
Lucas,Kobayashi,+82 6433809302,natalia.popov55@gmail.com,Turkey,)rB6LE(p$s
Rahul,Jones,+81 9483376299,li.wang34@outlook.com,Germany,07EySj#E%i
Anastasia,Garcia,+81 5021543030,minho.lee99@yahoo.com,Russia,G$69Q%fVOb
Hana,Reddy,+49 2974651720,gyuri.lee50@gmail.com,Turkey,&v9i2PrnBQ
Ren,Şahin,+90 7020002562,hyun.lee32@yahoo.com,Brazil,#02GO$ViK+
James,Matsumoto,+7 5213304542,takeshi.matsumoto59@outlook.com,Japan,r&7UCQdWme
Mehmet,Lima,+86 6177879172,natalia.sidorov21@yahoo.com,Brazil,$8ibQ0egZp
Yuki,Reddy,+81 2653280320,hugo.girard82@hotmail.com,India,$an0Uq0_N7
Anna,Verma,+86 8562688568,jisoo.cho29@yahoo.com,Germany,v0CgoGEx@d
Ekaterina,Dubois,+55 1709759397,mary.brown72@yahoo.com,Russia,do4$cRRA*@
Juliana,Fujimoto,+49 6433970782,hana.jung26@gmail.com,France,!#4FAjzpv6
Gyuri,Şahin,+82 7651505217,ekaterina.ivanov20@hotmail.com,United States,L6x$EEb9(u
Ren,Oliveira,+91 7393637336,hiroshi.takahashi24@yahoo.com,France,#9uu!wR0sm
Ivan,Lefevre,+81 8090932599,elif.öztürk45@yahoo.com,Germany,wz&0NbjJQr
Hugo,Kim,+91 1480926279,li.wang72@outlook.com,France,Q$5LvsX3F9
Hiroshi,Li,+55 4029863134,hiroshi.kondo77@hotmail.com,Germany,U_7McQBe)@
Sneha,Ferreira,+7 5172719357,michael.garcia92@outlook.com,Germany,Ff%2MC1vH$
Hana,Miller,+49 8463378818,lukas.fischer58@yahoo.com,Brazil,%40A4NjeXe
Fatma,Kim,+7 7181158271,camille.moreau70@gmail.com,South Korea,_q)7X(Wbv_
John,Öztürk,+33 3418420293,ali.şahin78@outlook.com,China,@@R5%)mj66
Bo,Joshi,+7 8837512795,chen.wu23@yahoo.com,France,Hr#(8Ed(zD
Arjun,Petrov,+55 8777306471,chloe.roux86@outlook.com,Germany,2MeDDoU_)9
Laura,Santos,+49 9722597273,linda.miller37@yahoo.com,France,8^4W6sp)$e
Emma,Sidorov,+82 1809357971,gyuri.jung23@outlook.com,Brazil,B_d4QsOY#W
Ekaterina,Patel,+55 1926696846,yui.yamamoto44@hotmail.com,Brazil,(3ZluBwe&d
Ali,Yoon,+55 5157054295,gyuri.park68@hotmail.com,Germany,*PO9e0xr@5
Pedro,Morozov,+33 1933026289,james.davis52@yahoo.com,South Korea,(_^**3PyTx
Alexei,Gupta,+55 1754676426,leon.becker56@hotmail.com,Japan,7pGSzHn0$u
Mehmet,Yıldız,+82 1496374995,mary.miller14@gmail.com,United States,)ky2AIYgBs
Camila,Kondo,+49 4290123623,rafael.santos49@hotmail.com,Brazil,I*mKLfB2&3
Ahmet,Kumar,+49 4263380386,manon.roux21@outlook.com,Germany,9NXkFEuy(p
Aiko,Yılmaz,+49 2759437499,gyuri.cho82@yahoo.com,Brazil,OM4Hu(3Q^4
Manon,Reddy,+91 6640110122,haruto.matsumoto95@yahoo.com,South Korea,(TSDjN1h#2
Lukas,Aydın,+86 2125134100,jennifer.brown85@gmail.com,Japan,@olhYyXuo8
Ali,Kumar,+90 4130164499,ekaterina.volkov89@outlook.com,Russia,4$0RIGWc$7
Ekaterina,Williams,+91 3153575238,gyuri.park79@hotmail.com,Japan,QASE6PlK*f
Xiao,Smirnov,+1 2102368843,yui.saito19@gmail.com,India,(@u48WuLr#
Camille,Şahin,+90 6091794759,li.wang14@hotmail.com,South Korea,(fK#QOrAk7
Jiwon,Wang,+7 1210580323,michael.garcia92@outlook.com,Japan,RJ@7P$nBT_
Minho,Pereira,+55 5452202691,bo.wang99@hotmail.com,France,S$6eRj^)Wy
Robert,Şahin,+49 6977461636,wei.yang21@hotmail.com,Turkey,$Y0gpFKz63
Mehmet,Roux,+49 5118823252,ayşe.demir58@yahoo.com,Russia,HSdYIFyE%2
Sergey,Kumar,+81 6057581957,anjali.singh66@gmail.com,France,3v&37mXs!C
Natalia,Patel,+7 8087150156,alexei.petrov27@hotmail.com,South Korea,y(01ZTw5!C
Haruto,Popov,+81 5151574591,gyuri.lee68@gmail.com,China,DM3P@ehS!^
Sakura,Cho,+49 4840953005,hiroshi.saito72@hotmail.com,Russia,yNY7IDM^*8
Robert,Wagner,+33 4965490151,matheus.santos29@hotmail.com,South Korea,%wRgGq!b20
Wei,Kumar,+49 4188099868,gabriel.santos65@hotmail.com,China,@41tZms6_k
Gabriel,Joshi,+33 1319366214,hyun.jung35@hotmail.com,Germany,(lXy$m^V3g
Takeshi,Weber,+49 9210153872,jiwon.jung35@outlook.com,Turkey,&g_UR)PoE5
Seojun,Yılmaz,+1 6408588734,soojin.yoon37@gmail.com,United States,(1Gq8@Eu0A
Rafael,Wagner,+81 3622625154,lucas.fournier49@yahoo.com,South Korea,b0CFtzft!%
Zeynep,Fischer,+33 9697106764,olga.morozov26@outlook.com,Brazil,_9KBWK86Qn
Sakura,Saito,+49 3141333278,alexei.petrov21@gmail.com,South Korea,bEnN6T1x@7
Ekaterina,Smirnov,+81 6001052584,fatma.öztürk10@yahoo.com,France,Ik&Zn8Tako
Ayşe,Davis,+49 4303325962,soojin.park15@gmail.com,China,j1GEWuVS@v
Elif,Yamamoto,+7 2158836489,soojin.park15@gmail.com,France,nEfTbj_0)5
Lukas,Lefevre,+1 3737686695,bo.liu55@yahoo.com,Turkey,hqj(7Ghfnl
Hana,Wu,+33 1886215465,ana.santos76@gmail.com,Brazil,o3maZAIq0@
Hana,Demir,+55 6664246028,mehmet.öztürk25@gmail.com,India,y_1w+TOk@b
Amit,Davis,+91 7947449334,gabriel.santos53@gmail.com,Brazil,94N^ThSV*u
Ekaterina,Kobayashi,+1 4831326257,bo.li31@gmail.com,Germany,6kUISDsT_4
Xiao,Lefevre,+1 7220358069,ekaterina.ivanov20@hotmail.com,Japan,hqj(7Ghfnl
Mary,Kim,+1 2674513465,patricia.davis92@yahoo.com,Turkey,Py!4ZRSkW&
Minho,Garcia,+91 7185468629,sergey.popov67@outlook.com,Brazil,Vo)_4XHhqA
Jennifer,Lima,+49 2168050912,camila.costa46@outlook.com,Brazil,!8VXy$h(z+
John,Singh,+90 7020002562,soojin.jung50@hotmail.com,Japan,i(HQdKaR%2
Amit,Matsumoto,+86 3247486593,ana.oliveira18@hotmail.com,Germany,j9HCm(B6)y
Seojun,Liu,+1 1713597690,anjali.singh37@gmail.com,Russia,+O(3OrNWv9
Minho,Oliveira,+7 4470439638,john.miller10@outlook.com,France,@^wRMzMY8Z
Rafael,Souza,+33 9372427724,priya.singh80@outlook.com,Russia,H*6kG1kmO7
Leo,Garcia,+33 4339563188,mary.smith86@gmail.com,United States,yFOhCsSy$5
Linda,Liu,+1 4862308931,minho.lee81@outlook.com,Russia,7^IsAFv7%G
Neha,Aydın,+82 5691601240,lukas.wagner40@gmail.com,Russia,i2AyniCf(h
Hiroshi,Sharma,+91 8503374920,ali.yılmaz14@outlook.com,Turkey,pikZi^c%@8
Natalia,Singh,+33 2633536178,james.jones63@hotmail.com,Brazil,$J2PS1Mfp7
Rahul,Schneider,+49 9253839117,camila.pereira10@yahoo.com,United States,a3dhB^7r&G
Manon,Li,+90 9699647214,lan.zhang94@outlook.com,Germany,(g2TnpMy@^
Ines,Lee,+90 7266610742,hugo.petit93@gmail.com,South Korea,MMdQQhl3+4
Ivan,Garcia,+1 2425655195,jiwon.lee82@gmail.com,Japan,&o5l6FAf!(
Ben,Wagner,+49 1680951580,ahmet.şahin94@yahoo.com,China,f4uMFzzg(7
Sakura,Lee,+7 5335025619,gabriel.lima79@gmail.com,Turkey,*7Vv)a3#_6
Laura,Matsumoto,+82 1496374995,zeynep.yılmaz58@outlook.com,Japan,(#IS8)U3t3
Sakura,Kobayashi,+91 1565460435,bo.wu80@hotmail.com,Russia,bP)57Udcr$
Soojin,Yoon,+49 6707486019,anna.schneider63@hotmail.com,China,%NgsCsmer0
Matheus,Souza,+86 8287205199,xiao.liu20@yahoo.com,South Korea,&5Qe#+Xzwo
Anna,Çelik,+90 6441570248,lucas.dubois43@gmail.com,Russia,_#YA18oxBD
Ivan,Petrov,+91 9225179411,chloe.roux86@outlook.com,South Korea,&*sV5pYhtA
Amit,Liu,+7 3396745954,pedro.lima68@gmail.com,United States,#Q!v5D^j+Z
Sneha,Moreau,+55 6668375647,ravi.reddy12@hotmail.com,France,TPxkaKSf&3
Seojun,Singh,+86 2374036656,elif.şahin54@hotmail.com,Japan,VQ2J%JbC*H
Hiroshi,Popov,+82 5952304846,ivan.sidorov83@yahoo.com,Turkey,PI7PZ$^p8&
Nathan,Li,+86 2097921666,hiroshi.kobayashi12@outlook.com,India,D*H9TClo&1
Neha,Wagner,+86 2500420989,lan.wang91@outlook.com,United States,zPWM2kper&
Lucas,Kondo,+82 1496374995,camila.pereira46@yahoo.com,Brazil,Y47UDhGb@3
Takeshi,Kondo,+81 2064559285,mei.zhang11@hotmail.com,United States,o4YfTP0q_+
Rafael,Kondo,+90 6437474681,priya.sharma56@yahoo.com,Germany,++aGDtKZE2
Jisoo,Meyer,+91 6597333985,soojin.kim91@outlook.com,South Korea,8+bV3Cs7#n
Finn,Fujimoto,+81 2452149521,ekaterina.volkov89@outlook.com,Turkey,wD4D_2Kk$&
Jisoo,Singh,+7 2962285637,pedro.costa72@gmail.com,Brazil,_qDl3wpW!6
Ines,Jones,+91 1698997702,xiao.li78@gmail.com,France,aT6iaaOdJ!
Hugo,Lima,+7 2641115719,anastasia.smirnov71@gmail.com,South Korea,)^Ci++3k4$
Camila,Park,+82 9386097197,alexei.sidorov32@gmail.com,France,BQ_9Uw%yoj
Olga,Takahashi,+81 3201843710,wei.wang19@yahoo.com,Japan,0)u5EIfa@D
Laura,Müller,+81 4437830723,lucas.lima87@outlook.com,South Korea,pLZ2QgsRN^
Linda,Patel,+86 6704470322,lan.li41@outlook.com,Japan,6t1ySCwu*B
Sakura,Kim,+90 5957703321,leo.fournier58@gmail.com,United States,m1WZ6#kX#1
Emma,Sharma,+7 4281104885,neha.gupta51@gmail.com,China,!!y0d0Yfva
Gabriel,Wang,+82 5217135281,arjun.sharma28@outlook.com,Germany,+bB3et!o8N
Mary,Kim,+91 7362186778,linda.davis31@gmail.com,Russia,@^wRMzMY8Z
Lukas,Patel,+1 4862308931,james.williams79@gmail.com,Turkey,L4GWa&UN)a
Alexei,Ivanov,+49 5668033179,sakura.matsumoto92@yahoo.com,China,M(5RgUDkL2
Manon,Yang,+82 1190997159,james.davis85@gmail.com,Russia,Z1URO1)s*q
Jiwon,Smith,+86 6643456521,lan.zhao39@gmail.com,Russia,C0WWwg3s(C
Laura,Fujimoto,+49 5432063718,fatma.kaya41@outlook.com,Russia,vow+6Mlx%G
Yuki,Miller,+1 2210174199,hiroshi.kondo77@hotmail.com,China,U4SGzbgZ_!
Yuki,Takahashi,+81 1883821627,jennifer.johnson65@yahoo.com,South Korea,ZmU89QjP%&
Olga,Costa,+49 8405161873,jennifer.davis13@hotmail.com,United States,#GcS7j6eD3
Lan,Takahashi,+82 1222613269,jing.wu41@yahoo.com,France,XDTgbDve(6
Manon,Smirnov,+86 4600816584,ayşe.aydın16@outlook.com,India,4$0RIGWc$7
Olga,Sharma,+55 3824479793,zeynep.aydın74@hotmail.com,Germany,tW8Wb!FSS$
Ines,Öztürk,+90 4337087683,rahul.verma64@hotmail.com,Germany,)4kLVu4t#D
Camille,Pereira,+82 2454516499,yuki.kondo94@hotmail.com,Brazil,)&(MAzgc3@
Wei,Zhang,+7 2416986266,fatma.çelik47@yahoo.com,Japan,+l07NhB2n5
Sneha,Yamamoto,+49 6433970782,minho.cho89@outlook.com,China,M%TgiC5!*8
Jisoo,Costa,+86 7511327004,amit.kumar43@yahoo.com,Germany,Cw(jB8UdI+
Wei,Zhang,+86 7511327004,fatma.öztürk10@yahoo.com,China,5Vf8Qy)j%Z
Seojun,Kobayashi,+82 2767886216,laura.müller78@hotmail.com,France,+_G0VaM&oZ
Patricia,Müller,+81 7925894279,arjun.reddy94@yahoo.com,India,Vo)_4XHhqA
Yuki,Garcia,+91 5632613093,james.davis19@hotmail.com,Japan,S(yC5InwO!
Jing,Yıldız,+55 8777306471,jisoo.cho53@hotmail.com,United States,%neDLw(01W
Ren,Lima,+82 5002495887,priya.sharma56@yahoo.com,China,*n!834JdYb
Anastasia,Wagner,+1 5430239107,jennifer.brown98@hotmail.com,South Korea,9ySwfZ1X+_
Pedro,Schneider,+1 2662702764,alexei.sidorov32@gmail.com,Russia,&!1yNL@gl4
Yuki,Garcia,+90 1636347872,neha.singh97@gmail.com,South Korea,Cw(jB8UdI+
Hana,Kaya,+7 2833747509,lukas.wagner75@outlook.com,Japan,+T*9ZOYe55
John,Meyer,+7 5867221118,gabriel.santos94@hotmail.com,Turkey,)UseGEngJ2
Xiao,Santos,+86 3990232118,nathan.roux65@hotmail.com,Brazil,)3TUuk@A(w
Jisoo,Santos,+49 4846999830,hugo.roux36@outlook.com,Japan,L_3M8MfvQQ
Sakura,Morozov,+81 5727202072,hugo.moreau59@hotmail.com,Russia,!LHs42EgD5
Li,Kumar,+49 6701481458,natalia.volkov15@yahoo.com,France,&D3qGsXI*+
Ines,Becker,+86 6760717730,gabriel.silva51@gmail.com,France,T0(a_Qwb#)
Lan,Reddy,+49 6944456287,sneha.kumar56@yahoo.com,Turkey,bP)57Udcr$
Elif,Popov,+86 4651791446,yui.saito65@yahoo.com,South Korea,$W9aFzcDn1
Anjali,Kondo,+33 6436708411,alexei.petrov40@gmail.com,China,+@epXb^aM8
Chen,Matsumoto,+33 9748889663,ren.matsumoto19@gmail.com,Turkey,#63B8FeuXl
Nathan,Jones,+7 2374701243,arjun.sharma87@yahoo.com,China,y)4@8Yih^C
Camille,Meyer,+90 3254137987,sakura.matsumoto27@gmail.com,Brazil,_2Vy5&jqMF
Chloe,Becker,+91 2290018923,zeynep.aydın92@gmail.com,Brazil,quKW1C_j3#
Li,Lee,+7 4407606486,linda.davis48@gmail.com,Russia,f8Gvr$l@%2
Camille,Petit,+82 3702503360,mary.smith51@hotmail.com,China,BpLx5mXv_1
Arjun,Garcia,+82 7085308149,mehmet.çelik60@gmail.com,Russia,d^BKf8Tvbs
Hyun,Şahin,+33 5153214896,lucas.roux81@outlook.com,Russia,@B69Vx6Y+9
Hugo,Santos,+7 4043108494,mary.johnson51@hotmail.com,South Korea,d!i9bOPnK1
Olga,Schneider,+7 2102309900,jiwon.choi20@hotmail.com,China,)7sBvKQV+d
Natalia,Lee,+91 5477774033,jing.wu87@yahoo.com,China,s&3CNjdI_X
Emma,Yoon,+33 6136899453,emma.weber70@hotmail.com,France,!5lceHKt*5
Hasan,Joshi,+90 7266610742,linda.miller27@yahoo.com,Brazil,7zXj+jYS#7
Hiroshi,Choi,+90 8559581721,nathan.lefevre57@hotmail.com,China,0QDJ4Tj!h@
Priya,Smith,+49 6380965442,jing.yang20@hotmail.com,Germany,&v9i2PrnBQ
Natalia,Patel,+55 3919044983,jennifer.jones43@hotmail.com,Japan,xgh8Cagul!
Priya,Gupta,+90 9787246448,robert.jones18@outlook.com,China,+7TLAXUnXx
Laura,Müller,+7 4762478452,hiroshi.fujimoto37@outlook.com,United States,^5adOCyoYR
Gabriel,Brown,+55 1477896783,priya.joshi24@yahoo.com,India,Bx^e6Ax%RB
Jiwon,Chen,+1 8938904195,zeynep.aydın92@gmail.com,India,1KOEi)xe*f
Leon,Miller,+82 8229947251,jiwon.jung81@gmail.com,China,C8B1SKc*&3
James,Miller,+82 2519450856,fatma.öztürk41@yahoo.com,South Korea,%t12E3Yr$_
Chloe,Yang,+55 6366917101,gabriel.santos65@hotmail.com,Turkey,E39JgKhP^6
Juliana,Park,+90 8724109911,ana.souza56@yahoo.com,Japan,&Iw0UVDg4s
Camille,Lefevre,+7 2310849584,pedro.pereira22@outlook.com,Brazil,!Km01Nkz@M
Michael,Zhao,+86 6234020812,juliana.costa73@outlook.com,Russia,xzv06Ub6(V
Sneha,Singh,+81 7780344678,hana.lee76@gmail.com,Japan,*9+D#JeTPv
Jiwon,Yıldız,+91 1853706651,wei.yang21@hotmail.com,Japan,gH2OitZa#y
Hasan,Kim,+86 6660053433,jing.liu92@outlook.com,South Korea,&J9O(p4MV$
Sergey,Kuznetsov,+86 4172358725,elif.yılmaz45@yahoo.com,India,d0i)XPxe%0
Hyun,Davis,+55 2118638544,dmitry.smirnov85@yahoo.com,Japan,^65W5q@ftm
Michael,Kumar,+91 7340087989,lucas.santos78@yahoo.com,United States,+9XK!xk54!
Emma,Oliveira,+49 6016478903,priya.reddy28@outlook.com,Germany,7!8IHpDeU#
Camila,Yılmaz,+86 3325300667,ines.petit71@gmail.com,India,L)8iE%cTh_
Emma,Öztürk,+81 3810827078,sakura.kondo11@hotmail.com,China,y!$g8UCbJ@
Chloe,Kaya,+1 1255413958,elif.kaya80@hotmail.com,Turkey,$V96xZrz4(
Fatma,Patel,+86 6040381779,ahmet.şahin70@gmail.com,Germany,1Z2M$wwO)8
Minho,Yıldız,+81 8213082209,chloe.fournier62@outlook.com,United States,g*4VKhpSY&
Nathan,Fischer,+90 8516502587,ines.lefevre35@yahoo.com,Japan,venWcgTL+7
Pedro,Yoon,+49 6241543032,aiko.kondo66@gmail.com,Germany,xzv06Ub6(V
Gabriel,Yamamoto,+90 2278234416,xiao.chen90@outlook.com,Germany,#m^V(&S*4p
Leo,Joshi,+81 6404816104,camila.costa46@outlook.com,Russia,@LfTV7Ol+2
Elif,Dubois,+82 2181977144,leon.schmidt83@outlook.com,France,0z8Vt7Xx!(
Lucas,Patel,+90 8937326613,dmitry.petrov39@gmail.com,Brazil,8S%p$E+e^T
Jiwon,Wu,+86 2125134100,ahmet.çelik25@hotmail.com,Germany,Fa8D+hEpg%
Lan,Park,+1 8501630382,ana.oliveira62@hotmail.com,United States,#02GO$ViK+
Hugo,Takahashi,+1 4157724207,yuki.takahashi50@gmail.com,United States,&41HUzHkW@
Lan,Ferreira,+33 4274141392,anastasia.volkov70@yahoo.com,Germany,Lz@1IA7p$M
Arjun,Yang,+49 6433970782,linda.miller53@hotmail.com,China,&FBff6Vbr6
Anjali,Petrov,+90 6096767289,lucas.lefevre89@yahoo.com,Japan,$3USY^d0*V
Jing,Schneider,+91 6638281910,sakura.saito59@gmail.com,China,^@6FFAErTk
Gabriel,Demir,+55 8327983716,jing.zhang19@yahoo.com,China,urXNbrzR$0
Chen,Öztürk,+49 2042579050,haruto.takahashi73@hotmail.com,France,0fR2Wyfi_c
Hugo,Wu,+86 6661600699,wei.chen77@gmail.com,Germany,xZAI3Fid4*
Pedro,Dubois,+82 2767886216,haruto.takahashi94@hotmail.com,Japan,*6Xr&K^1qT
Lan,Ivanov,+90 8637005878,arjun.singh62@gmail.com,Turkey,!(mkU44yoK
Lucas,Sidorov,+55 4029863134,hasan.yılmaz51@yahoo.com,India,_03K5p9d_%
Laura,Reddy,+81 6827927350,sakura.yamamoto99@yahoo.com,Turkey,+82^GhYpG8
Hana,Joshi,+1 2562795886,jiwon.park85@gmail.com,Brazil,ket3jTPAZ!
Jing,Fujimoto,+90 8760275627,linda.williams85@yahoo.com,Turkey,_d8dCakVbC
Ren,Yıldız,+7 9270061643,chen.wang68@yahoo.com,Brazil,W_m1DENi%c
Robert,Johnson,+81 5833129523,finn.meyer51@yahoo.com,United States,@QbZ0Rj1LS
Leo,Popov,+90 2302388992,lukas.schneider37@outlook.com,India,@e(wLQsB39
Soojin,Garcia,+33 7742268763,zeynep.aydın74@hotmail.com,Turkey,!w6WyxuZiP
Ekaterina,Şahin,+90 3373453766,amit.kumar92@gmail.com,Germany,e(XGm*MK^1
Bo,Yamamoto,+91 1907139511,minho.lee77@gmail.com,China,+J370BQv)G
Xiao,Kondo,+90 1783757883,ali.demir36@hotmail.com,Japan,r+2YRAm3_y
Matheus,Wagner,+91 5957526305,hugo.petit93@gmail.com,Turkey,M(5RgUDkL2
Nathan,Singh,+49 3388196010,jisoo.kim20@outlook.com,Brazil,knEthCAf#2
Matheus,Demir,+49 6943600350,mary.johnson51@hotmail.com,South Korea,w47C^civp*
Neha,Garcia,+49 1232255199,jisoo.jung82@yahoo.com,France,c961Xe%Ao@
Aiko,Zhang,+81 8326117371,xiao.liu20@yahoo.com,Turkey,nz9nJ9Sh((
Minho,Kumar,+86 2374036656,elif.şahin36@yahoo.com,Japan,&J&4HS4q+W
Ines,Smith,+90 2450525701,arjun.joshi77@gmail.com,South Korea,e!i0Pw(bQ+
Sergey,Wu,+90 1933614847,lan.zhang94@outlook.com,United States,)Xj2XUfiTm
Hana,Li,+55 7577880801,alexei.morozov59@gmail.com,South Korea,(lJzPW#09+
Jiwon,Ferreira,+33 9731196259,mary.johnson51@hotmail.com,United States,yZBD*Lfw$6
Yui,Petit,+90 2590796224,ren.fujimoto92@hotmail.com,United States,$Z9NJ8n_(g
Manon,Yang,+1 9112978201,lucas.souza60@hotmail.com,Turkey,Q(69XWG@ud
Ekaterina,Müller,+1 6272794639,jing.yang86@hotmail.com,United States,EJ2P(NcN$$
Chen,Öztürk,+90 8516502587,robert.brown77@yahoo.com,United States,b)@8Veqf&e
Alexei,Roux,+1 8501630382,john.williams51@yahoo.com,Russia,@0pjDWrH8k
Juliana,Souza,+81 5070471159,finn.müller69@outlook.com,Germany,+3QMQi+*2E
Hasan,Lee,+86 8831604936,sneha.singh34@outlook.com,Turkey,(!LUgV$q_7
Hasan,Wagner,+1 5942135579,zeynep.çelik74@hotmail.com,Brazil,@41tZms6_k
Arjun,Kuznetsov,+1 8309878993,amit.singh56@hotmail.com,Japan,@JUgUEZf&2
Alexei,Yıldız,+33 3647077426,natalia.smirnov86@hotmail.com,South Korea,%9wNk$VB4@
Neha,Morozov,+33 2658632938,sneha.kumar55@yahoo.com,France,VQ2J%JbC*H
Ines,Kobayashi,+33 9697106764,sakura.saito35@hotmail.com,Japan,N)0D*^0m&@
Sakura,Cho,+7 5260413397,leon.weber68@hotmail.com,India,^rFnIBMgb5
Lucas,Brown,+90 9739535240,ana.oliveira18@hotmail.com,Japan,7M$#Bbxv@6
Ines,Li,+33 9775361198,ben.weber62@outlook.com,Turkey,&o5l6FAf!(
Laura,Chen,+81 5070471159,priya.patel46@outlook.com,Japan,!AS5VXVuYL
Linda,Liu,+49 8071517159,yui.saito30@yahoo.com,Russia,OKTLnbAU%6
Priya,Silva,+33 6913206139,ahmet.demir36@yahoo.com,South Korea,3Z+9Uarm6$
Ali,Garcia,+81 3324971323,anastasia.kuznetsov85@outlook.com,Turkey,%8r(T!1j##
Rahul,Patel,+49 4616777151,ana.souza38@hotmail.com,Japan,_^5U6WRbrW
Olga,Santos,+55 3512574868,ravi.sharma52@yahoo.com,France,+@)TH9Apc8
Ren,Wagner,+82 7685747379,ali.demir89@hotmail.com,Turkey,^ibv67Sq2y
Finn,Fujimoto,+81 3169569534,james.miller60@outlook.com,United States,nE0!V2Aw!u
Mei,Roux,+82 9440205637,ivan.petrov97@outlook.com,China,$#N1C1LzGy
Elif,Li,+82 9452335283,ren.kobayashi25@gmail.com,India,GyA38Ve5+W
Xiao,Brown,+90 8487149425,zeynep.aydın40@yahoo.com,United States,7c&D7dKr!j
Bo,Fournier,+86 1248547233,anjali.patel23@yahoo.com,South Korea,_iNL2yGiqG
Lukas,Weber,+90 5335566169,ekaterina.volkov91@gmail.com,Brazil,(+KEaN)rs8
Takeshi,Santos,+33 3640653180,nathan.lefevre76@outlook.com,China,p8u!SJ5q_@
Mei,Lee,+82 9440205637,patricia.jones42@outlook.com,Russia,@e(wLQsB39
Ren,Costa,+33 3360941285,lucas.moreau12@gmail.com,Russia,T95HXTJo#p
Camille,Oliveira,+86 1315201398,hyun.kang94@yahoo.com,Russia,!Km01Nkz@M
Hiroshi,Miller,+7 6740761261,chen.wang68@yahoo.com,Japan,jXdj2vQG&2
Mehmet,Popov,+7 7015213009,laura.becker56@hotmail.com,Germany,9+b3DC9x&q
Fatma,Schmidt,+81 3169569534,camila.oliveira91@yahoo.com,South Korea,t9R7YbJv&N
Arjun,Ivanov,+91 4906578548,haruto.matsumoto87@outlook.com,Japan,yF@u62ZcX!
Haruto,Müller,+91 9681032091,hiroshi.matsumoto84@hotmail.com,Germany,_AFElWbJ9!
Linda,Zhao,+1 5152918517,hiroshi.kobayashi14@hotmail.com,Brazil,H5HJ9p5G@a
Rahul,Fujimoto,+91 6685448509,laura.schmidt90@outlook.com,Germany,z_)4Q4PjuF
Patricia,Kim,+81 3169569534,rafael.santos58@yahoo.com,Russia,i^N1O+Xu!+
Gabriel,Davis,+33 3021207026,ali.çelik52@hotmail.com,France,(_^**3PyTx
Juliana,Verma,+81 9119756784,ines.petit71@gmail.com,China,@pE2Yrj$%2
Seojun,Morozov,+33 6772160669,lucas.fournier83@hotmail.com,Germany,%RdjblrmD8
James,Schneider,+55 1656703351,pedro.souza40@hotmail.com,Turkey,$PW1BQc9T_
Elif,Oliveira,+49 7732746368,john.brown23@hotmail.com,Japan,cvDV^nJs$5
Wei,Sidorov,+55 3433826442,dmitry.morozov91@hotmail.com,India,4nNqa9Jn)@
Wei,Müller,+81 4826614639,ren.matsumoto23@hotmail.com,United States,$4USXCesAs
Lan,Fournier,+82 4413354167,neha.gupta92@outlook.com,South Korea,+S8Mb@Pdb_
Mehmet,Wu,+1 7896597475,jisoo.yoon71@yahoo.com,China,(X4gtXyd9P
Jisoo,Şahin,+82 8550182872,ali.öztürk71@outlook.com,Turkey,1_O%n6KkZJ
Ahmet,Wang,+33 9748889663,sergey.morozov54@gmail.com,Japan,kH8@UOiJ)n
Dmitry,Garcia,+49 2042579050,sakura.takahashi38@hotmail.com,China,k(3ZlS%tDx
Michael,Şahin,+33 6274455822,mia.becker46@gmail.com,Japan,a!XU7cChm4
Haruto,Demir,+86 4359453304,anastasia.kuznetsov85@outlook.com,Japan,1d7Aibei!!
Seojun,Zhang,+33 9775361198,manon.garcia48@gmail.com,United States,Ag80J2FoF#
Mei,Patel,+1 6504461963,sneha.sharma42@outlook.com,Brazil,Bx^e6Ax%RB
Hugo,Liu,+90 2120804025,seojun.yoon13@yahoo.com,Turkey,_MW8IGxm9R
Natalia,Takahashi,+7 1290312482,sergey.volkov16@yahoo.com,Turkey,L34Y42ud*R
Mia,Dubois,+1 6813285318,minho.lee77@gmail.com,Turkey,IIiU9!lrt%
Ren,Matsumoto,+55 8250114376,sakura.nakagawa23@gmail.com,Russia,$C7Q9s6q7&
John,Oliveira,+7 8052565395,priya.singh93@yahoo.com,France,)iBLyxbmp1
Jing,Petit,+91 6333413733,sakura.kondo95@outlook.com,China,zv36yaUn)_
James,Reddy,+49 4172732648,matheus.costa92@outlook.com,Brazil,DLj*39Qhgt
Xiao,Kaya,+81 8741999551,ali.öztürk69@outlook.com,France,Yr_a75EldB
Yui,Reddy,+81 9700411387,ahmet.yıldız76@gmail.com,Russia,35kZ8pbh!9
Hasan,Roux,+33 5264032586,jisoo.cho24@gmail.com,Germany,(!LUgV$q_7
Ravi,Dubois,+82 9636643484,leon.weber57@yahoo.com,Brazil,@Q44@Yc)Y^
Ana,Reddy,+86 4826188590,ravi.verma37@gmail.com,India,W^64Jhze)$
Leo,Reddy,+86 9306631704,haruto.fujimoto59@yahoo.com,China,%wRgGq!b20
Rafael,Jung,+7 1270966945,mehmet.öztürk98@hotmail.com,South Korea,$PGVu8Oy0%
Yui,Patel,+1 5152918517,ravi.gupta68@gmail.com,India,&GT4zXCu86
Ravi,Çelik,+90 4302444186,matheus.souza11@gmail.com,India,&_5H5pPOcd
Mia,Demir,+90 5898540940,rahul.patel52@outlook.com,South Korea,5s2TqHA9x@
Anastasia,Chen,+49 8607884686,ivan.petrov38@hotmail.com,France,$W9aFzcDn1
Lucas,Cho,+49 6920086130,wei.wang74@yahoo.com,Japan,$e_RjKgm8c
Yui,Wang,+7 5638374464,nathan.petit90@outlook.com,India,x)Z6cHtJyM
James,Popov,+49 7511089375,emma.wagner12@outlook.com,South Korea,&!1yNL@gl4
Lucas,Kumar,+82 9582368737,lukas.fischer58@yahoo.com,India,S0oobIs0&R
Arjun,Moreau,+86 1271821228,michael.johnson47@outlook.com,Russia,@5qjP&M%zb
Ahmet,Yang,+49 4608094618,manon.fournier33@hotmail.com,China,9ySwfZ1X+_
Bo,Fujimoto,+90 1015977111,camille.petit92@hotmail.com,South Korea,#3X4nvv+Op
Jiwon,Petrov,+91 1310671453,wei.chen77@gmail.com,Japan,U!w004Yl3Y
Gabriel,Weber,+82 4364360580,hana.choi32@hotmail.com,Turkey,BO)i0*Sw@!
Linda,Fischer,+33 2148588950,ayşe.yılmaz68@gmail.com,United States,*R03IjTzAw
Mei,Joshi,+91 1818490790,ali.çelik15@hotmail.com,Germany,!w2KYHI#T#
Hana,Brown,+49 9722597273,fatma.öztürk74@outlook.com,Japan,+Q^u6dGonQ
Zeynep,Yamamoto,+49 5778197618,chen.wang68@yahoo.com,Russia,opjqG4bm*8
Haruto,Popov,+55 8585500915,lucas.ferreira48@outlook.com,South Korea,_UDY+wlZB7
Sakura,Santos,+49 4290123623,manon.girard94@gmail.com,United States,Cc&1u(PzPR
Hiroshi,Takahashi,+81 1764612190,ahmet.yılmaz56@gmail.com,Japan,6QYKiCHn$m
Lucas,Silva,+33 2242910623,wei.wu26@outlook.com,Germany,m5Nm1*Pl^!
Juliana,Wagner,+1 7013884171,ali.çelik52@hotmail.com,Japan,S9c9VPrp*&
Hyun,Jung,+33 8753018598,ekaterina.sidorov88@outlook.com,Russia,L$v0I)z+9#
Arjun,Kobayashi,+81 6389182243,leo.garcia72@hotmail.com,Japan,yrABXkHo*1
Xiao,Yoon,+91 7961715378,yuki.saito51@outlook.com,Russia,#xOW5V^y15
Lucas,Girard,+49 9556057797,chen.yang43@hotmail.com,United States,zpP2cOywW#
Jiwon,Roux,+49 5102922343,bo.wang26@gmail.com,Russia,a4FMadm$(G
Mei,Fischer,+1 1441888253,soojin.yoon16@hotmail.com,Japan,spR8rKg7(^
Natalia,Williams,+1 5893399954,wei.zhao22@gmail.com,Germany,*qp!4zNj8w
Rafael,Demir,+81 6389182243,ayşe.çelik62@gmail.com,South Korea,no!$0Oxhcq
Wei,Popov,+1 6209064949,ahmet.demir36@yahoo.com,Japan,3Z+9Uarm6$
Matheus,Demir,+33 2853667409,jennifer.johnson95@hotmail.com,United States,M%4aBJug_J
Arjun,Wagner,+86 6177879172,jennifer.brown85@gmail.com,United States,F65*HjYw_*
Jiwon,Garcia,+81 8615028229,robert.brown77@yahoo.com,Japan,8S%p$E+e^T
Sergey,Silva,+91 5901708818,haruto.fujimoto53@yahoo.com,Turkey,o&NO5IDvQd
Gyuri,Pereira,+86 6612262898,james.miller60@outlook.com,Brazil,35kZ8pbh!9
Chloe,Brown,+82 1923071724,emma.müller98@hotmail.com,China,#18PT!m#hB
Rahul,Popov,+86 1271821228,li.yang66@gmail.com,Germany,$9QmOJGq5c
James,Sharma,+1 2491757033,priya.joshi24@yahoo.com,Russia,)!a8GawDfL
Ivan,Garcia,+49 6433970782,neha.kumar12@yahoo.com,Brazil,T#9yZPbq%8
Emma,Williams,+90 2318223532,manon.girard56@gmail.com,United States,i^N1O+Xu!+
Priya,Weber,+49 7793916880,ines.girard60@gmail.com,Brazil,9x$VdXlL)8
Mia,Pereira,+33 1974012410,wei.zhang83@hotmail.com,Japan,OZ2LdbOB!d
