E-posta veya Telefon Numarası,Şifre
905512345678,Ebru1992
905542367890,Furkan2009
omer.faruk@gmail.com,Furkan2004
info@bilgeadam.com,Ckaan1987
905384563210,Omer1995
yildiray.demirci@gmail.com,Enes2002
ozgur.duman@gmail.com,Qweqwe123
kaan.ozturk@outlook.com,Qwe123
yildiray.demirci@gmail.com,Gizem2005
can.kaan@outlook.com,Efgthyujk2025
905542367890,Omer1995
0542 369 85 47,Efgthyujk2025
can.kaan@outlook.com,Sdfghjklö123
0549 852 36 98,Umitdag1990
goktug.cetin@example.com,Selcuk2003
0537 854 32 14,Ebru1992
905544332211,Gsahin123
yildiray.demirci@gmail.com,Ydemirci87
ozgur.duman@gmail.com,Efgthyujk2025
can.kaan@outlook.com,Ozgekilic
ozge.kilic@outlook.com,Zxswqazxsw2019
gulsahin@example.com,Zxswqaz654
can.kaan@outlook.com,Furkan2004
furkan.celik@example.com,Selcuk2003
ozgur.duman@gmail.com,Omer1995
0551 741 85 36,Qweqwe123
0558 147 36 25,Selcuk2003
0554 789 01 23,Omer1995
can.kaan@outlook.com,Ydemirci87
yusuf.albayrak@example.com,SsAa2023
0533-222-33-44,Ydemirci87
905384563210,Gsahin123
kaan.ozturk@outlook.com,SsAa2023
0538 369 12 56,Ozgur123
ozgur.duman@gmail.com,SsAa2023
0555 123 45 67,Enes2002
905542367890,Ebru1992
905383012345,Ydemirci87
0539 147 85 62,Cagri1982
0558 147 36 25,Gfthyujk2020
0548-741-23-59,Muratdagci
0549 852 36 98,Beyza1991
0555 123 45 67,Muratdagci
omer.faruk@gmail.com,Enes2002
furkan.celik@example.com,Klööasdp2023
0539 147 85 62,Tr7245
goktug.cetin@example.com,Furkan2004
gizem.sahin@gmail.com,Efgthyujk2025
905543210987,Omer1995
0558 147 36 25,Enes2002
ozge.kilic@outlook.com,Sdfghjk2017
905383012345,Yhnmjhgfd2011
0555 123 45 67,Ebru1992
905512345678,Zxswqazxsw2019
905542367890,Umitdag1990
0556 852 14 58,Aqwsedr2022
ebru.ozdemir@outlook.com,Ftgyhuikmjn
cansu.duman@icloud.com,Efgthyujk2025
ebru.ozdemir@outlook.com,Furkan2009
ozge.kilic@outlook.com,Tr7245
beyza.sahin@icloud.com,Muratdagci
905542367890,Ydemirci87
yildiray.demirci@gmail.com,Umitdag1990
0555 123 45 67,Muratdagci
0555 123 45 67,Sdfghjk2017
eray.erdogan@example.com,Yusuf2008
eray.erdogan@example.com,Qweqwe123
goktug.cetin@example.com,Gsahin123
yusuf.albayrak@example.com,Muratdagci
0549 852 36 98,Kaan1998
0551 741 85 36,Burak2001
905544332211,Aqwsedr2022
0538 369 12 56,Ozgekilic
905384563210,Gfthyujk2020
905384926530,Zxswqazxsw2019
goktug.cetin@example.com,Sdfghjk2017
omer.faruk@gmail.com,Sdfghjk2017
beyza.sahin@icloud.com,Cagri1982
ebru.ozdemir@outlook.com,Efgthyujk2025
muratcoskun@gmail.com,Aqwsedr2022
0554 789 01 23,Ozgekilic
ozgur.duman@gmail.com,Enes2002
umit.dag@icloud.com,Zxswqaz654
0532 111 22 33,Qwe123
0537 854 32 14,Furkan2004
0558 147 36 25,Enes2002
ozgur.duman@gmail.com,Omer1995
gizem.sahin@gmail.com,Rtgyhjk2018
ozge.kilic@outlook.com,Kaan1998
selcuk.celik@example.com,Aqwsedr2022
murat.dagci@gmail.com,Hrt234
905383012345,Eray2006
beyza.sahin@icloud.com,Goktug1999
905543210987,Muratcoskun1980
905384563210,Enes2002
0537 854 32 14,Umitdag1990
ozgur.duman@gmail.com,Ftgyhuikmjn
kaan.ozturk@outlook.com,Bilge2024
0554 789 01 23,Omer1995
0542 369 85 47,Asdfghjkl2021
905384926530,Kaan1998
ebru.ozdemir@outlook.com,Aqwsedr2022
gizem.sahin@gmail.com,Qazwsxedc2010
cansu.duman@icloud.com,Yusuf2008
omer.faruk@gmail.com,Zxswqaz654
0549 852 36 98,Gizem2005
905384563210,Furkan2004
beyza.sahin@icloud.com,Ydemirci87
905542367890,Klööasdp2023
0539 147 85 62,Cansu1996
905384563210,Asdfghjkl2021
enes.sen@gmail.com,Gizem2005
0558 147 36 25,Omer1995
0533-222-33-44,Asdfghjkl2021
ozgur.duman@gmail.com,Qwe123
goktug.cetin@example.com,Qwe123
ozge.kilic@outlook.com,Efgthyujk2025
0538 369 12 56,Eray2006
0554 789 01 23,Xcvbn456
905384210987,Qazwsxedc2010
cansu.duman@icloud.com,Ydemirci87
selcuk.celik@example.com,Xcvbn456
905384563210,Klööasdp2023
kaan.ozturk@outlook.com,Efgthyujk2025
burak.sen@icloud.com,Tr7245
905512345678,Sdfghjklö123
goktug.cetin@example.com,Aqwsedr2022
0539 147 85 62,Qwe123
can.kaan@outlook.com,Tr7245
905544332211,Zxswqazxsw2019
905544332211,Tyuiophjk2012
murat.dagci@gmail.com,Kaan1998
ebru.ozdemir@outlook.com,Yusuf2008
gulsahin@example.com,Enes2002
ozgur.duman@gmail.com,Burak2001
905542367890,Qwe123
905512345678,Cagri1982
ebru.ozdemir@outlook.com,Ebru1992
furkan.celik@example.com,Ozgekilic
beyza.sahin@icloud.com,Ftgyhuikmjn
0542 369 85 47,Enes2002
0558 147 36 25,Rtgyhjk2018
gizem.sahin@gmail.com,Sdfghjklö123
burak.sen@icloud.com,Cansu1996
ebru.ozdemir@outlook.com,Enes2002
905544332211,Kaan1998
0555 123 45 67,Qweqwe123
0533-222-33-44,Rtgyhjk2018
0532 111 22 33,Cagri1982
905543210987,Furkan2009
905384210987,Qazwsxedc2010
can.kaan@outlook.com,Ebru1992
ozge.kilic@outlook.com,Omer1995
selcuk.celik@example.com,Yhnmjhgfd2011
905384926530,Ckaan1987
0556 852 14 58,Kaan1998
905384926530,Kaan1998
0549 852 36 98,Enes2002
905513334422,Efgthyujk2025
selcuk.celik@example.com,Ydemirci87
omer.faruk@gmail.com,Furkan2009
0548-741-23-59,Kjhgfds122
0554 789 01 23,Klööasdp2023
0533-222-33-44,Asdfghjkl2021
905543210987,Klööasdp2023
0558 147 36 25,Burak2001
can.kaan@outlook.com,Muratdagci
905512345678,Umitdag1990
0554 789 01 23,Halil1994
ozgur.duman@gmail.com,Furkan2004
cagri.cakir@example.com,Zxswqazxsw2019
905543210987,Gfthyujk2020
0532 111 22 33,Yusuf2008
ebru.ozdemir@outlook.com,Eray2006
0548-741-23-59,Omer1995
gizem.sahin@gmail.com,Kaan1998
can.kaan@outlook.com,Yusuf2008
umit.dag@icloud.com,Kaan1998
yusuf.albayrak@example.com,Gsahin123
halil.koc@outlook.com,Rtgyhjk2018
0532 111 22 33,Halil1994
ozgur.duman@gmail.com,Selcuk2003
905512345678,Asdfghjkl2021
gizem.sahin@gmail.com,Sdfghjklö123
0539 147 85 62,Burak2001
0554 789 01 23,Muratdagci
905512345678,Asdfghjkl2021
halil.koc@outlook.com,Selcuk2003
905384563210,Qazwsxedc2010
yusuf.albayrak@example.com,Qweqwe123
cansu.duman@icloud.com,Yusuf2008
0542 369 85 47,Ozgur123
enes.sen@gmail.com,Halil1994
yildiray.demirci@gmail.com,Burak2001
halil.koc@outlook.com,Klööasdp2023
can.kaan@outlook.com,Zxswqazxsw2019
yildiray.demirci@gmail.com,Ozgur123
enes.sen@gmail.com,Asdfghjkl2021
0539 147 85 62,Klööasdp2023
selcuk.celik@example.com,Zxswqaz654
kaan.ozturk@outlook.com,Sdfghjk2017
0533-222-33-44,Burak2001
0558 147 36 25,Gizem2005
905513334422,Selcuk2003
905512345678,Yusuf2008
gizem.sahin@gmail.com,Halil1994
ozgur.duman@gmail.com,Aqwsedr2022
905383012345,Ckaan1987
can.kaan@outlook.com,Umitdag1990
0549 852 36 98,Klööasdp2023
goktug.cetin@example.com,Yhnmjhgfd2011
murat.dagci@gmail.com,Omer1995
yildiray.demirci@gmail.com,Ftgyhuikmjn
0538 369 12 56,Asdfghjkl2021
0556 852 14 58,Sdfghjk2017
gizem.sahin@gmail.com,Goktug1999
905384563210,Sdfghjklö123
905383012345,Goktug1999
905542367890,Zxswqazxsw2019
0533-222-33-44,Umitdag1990
0539 147 85 62,Kaan1998
0556 852 14 58,Omer1995
0533-222-33-44,Asdfghjkl2021
0538 369 12 56,Ckaan1987
ozgur.duman@gmail.com,Xcvbn456
0532 111 22 33,Asdfghjkl2021
0537 854 32 14,Zxswqazxsw2019
905384210987,Enes2002
gulsahin@example.com,Yusuf2008
enes.sen@gmail.com,Omer1995
0554 789 01 23,Ozgur123
omer.faruk@gmail.com,Tyuiophjk2012
0556 852 14 58,Zxswqazxsw2019
ebru.ozdemir@outlook.com,Gsahin123
0555 123 45 67,Ckaan1987
can.kaan@outlook.com,Ckaan1987
enes.sen@gmail.com,Sdfghjklö123
yildiray.demirci@gmail.com,Muratdagci
can.kaan@outlook.com,Tyuiophjk2012
905383012345,Eray2006
kaan.ozturk@outlook.com,Qweqwe123
905383012345,Furkan2004
905384210987,Qwe123
furkan.celik@example.com,Klööasdp2023
gulsahin@example.com,Cansu1996
ozgur.duman@gmail.com,Muratcoskun1980
can.kaan@outlook.com,Ydemirci87
enes.sen@gmail.com,Umitdag1990
0537 854 32 14,Furkan2009
0551 741 85 36,Gsahin123
905383012345,Aqwsedr2022
furkan.celik@example.com,Cagri1982
goktug.cetin@example.com,Efgthyujk2025
905512345678,Omer1995
selcuk.celik@example.com,Ebru1992
0554 789 01 23,Burak2001
0533-222-33-44,Selcuk2003
can.kaan@outlook.com,Muratdagci
omer.faruk@gmail.com,Halil1994
0554 789 01 23,Tyuiophjk2012
gulsahin@example.com,Cansu1996
0539 147 85 62,Ozgur123
furkan.celik@example.com,Muratcoskun1980
gizem.sahin@gmail.com,Qwe123
0537 854 32 14,Burak2001
kaan.ozturk@outlook.com,Hrt234
0539 147 85 62,Furkan2004
goktug.cetin@example.com,Muratdagci
905383012345,Omer1995
0538 369 12 56,Zxswqazxsw2019
905384926530,Ebru1992
0554 789 01 23,Hrt234
can.kaan@outlook.com,Goktug1999
0555 123 45 67,Zxswqazxsw2019
enes.sen@gmail.com,Eray2006
cagri.cakir@example.com,Ozgur123
0558 147 36 25,Umitdag1990
gulsahin@example.com,Goktug1999
enes.sen@gmail.com,Furkan2004
furkan.celik@example.com,Furkan2004
eray.erdogan@example.com,Muratdagci
gulsahin@example.com,Ftgyhuikmjn
905542367890,Burak2001
gulsahin@example.com,Cansu1996
0537 854 32 14,Muratdagci
muratcoskun@gmail.com,Cansu1996
cagri.cakir@example.com,Klööasdp2023
0533-222-33-44,Sdfghjklö123
0532 111 22 33,Yusuf2008
0558 147 36 25,SsAa2023
0556 852 14 58,Cagri1982
0549 852 36 98,Yusuf2008
burak.sen@icloud.com,Sdfghjklö123
eray.erdogan@example.com,Qazwsxedc2010
0548-741-23-59,Eray2006
905384210987,SsAa2023
0542 369 85 47,Efgthyujk2025
ozge.kilic@outlook.com,Xcvbn456
kaan.ozturk@outlook.com,Tyuiophjk2012
enes.sen@gmail.com,Muratcoskun1980
yildiray.demirci@gmail.com,Eray2006
0532 111 22 33,Yhnmjhgfd2011
cansu.duman@icloud.com,Qwe123
905544332211,Kaan1998
eray.erdogan@example.com,Ozgur123
goktug.cetin@example.com,Hrt234
0542 369 85 47,Ozgekilic
selcuk.celik@example.com,Muratcoskun1980
enes.sen@gmail.com,Yusuf2008
yildiray.demirci@gmail.com,Klööasdp2023
0548-741-23-59,Ozgekilic
0542 369 85 47,Tyuiophjk2012
905384563210,Halil1994
0537 854 32 14,Hrt234
yildiray.demirci@gmail.com,Qazwsxedc2010
goktug.cetin@example.com,Qazwsxedc2010
can.kaan@outlook.com,Ozgekilic
905544332211,Cagri1982
0548-741-23-59,Qazwsxedc2010
0548-741-23-59,Cagri1982
905512345678,Furkan2009
0548-741-23-59,Kjhgfds122
905384926530,Gfthyujk2020
burak.sen@icloud.com,SsAa2023
selcuk.celik@example.com,Halil1994
0533-222-33-44,Sdfghjklö123
905544332211,Muratcoskun1980
0542 369 85 47,Goktug1999
905384926530,Furkan2009
cagri.cakir@example.com,Kaan1998
905544332211,Bilge2024
905384563210,Goktug1999
enes.sen@gmail.com,Rtgyhjk2018
murat.dagci@gmail.com,Tr7245
905543210987,Yhnmjhgfd2011
gizem.sahin@gmail.com,Gfthyujk2020
yildiray.demirci@gmail.com,Qwe123
ebru.ozdemir@outlook.com,Rtgyhjk2018
gizem.sahin@gmail.com,Gsahin123
yildiray.demirci@gmail.com,Asdfghjkl2021
0549 852 36 98,Burak2001
0548-741-23-59,Ftgyhuikmjn
0551 741 85 36,Ebru1992
gizem.sahin@gmail.com,Ckaan1987
muratcoskun@gmail.com,Qwe123
905513334422,Cansu1996
0532 111 22 33,Asdfghjkl2021
yildiray.demirci@gmail.com,Halil1994
0554 789 01 23,Tr7245
ebru.ozdemir@outlook.com,Beyza1991
905544332211,Burak2001
905384210987,Kaan1998
gulsahin@example.com,Qazwsxedc2010
0542 369 85 47,Efgthyujk2025
kaan.ozturk@outlook.com,Halil1994
0549 852 36 98,Bilge2024
omer.faruk@gmail.com,Beyza1991
omer.faruk@gmail.com,Gfthyujk2020
cagri.cakir@example.com,Qazwsxedc2010
0542 369 85 47,Muratcoskun1980
0533-222-33-44,Omer1995
cansu.duman@icloud.com,Zxswqaz654
0554 789 01 23,Muratdagci
ozge.kilic@outlook.com,Tr7245
yildiray.demirci@gmail.com,Furkan2009
selcuk.celik@example.com,Cansu1996
kaan.ozturk@outlook.com,Xcvbn456
0538 369 12 56,Ckaan1987
0532 111 22 33,SsAa2023
905384926530,Ftgyhuikmjn
cagri.cakir@example.com,Yusuf2008
furkan.celik@example.com,Ozgur123
goktug.cetin@example.com,Gizem2005
0556 852 14 58,Ckaan1987
905384210987,Goktug1999
yildiray.demirci@gmail.com,Goktug1999
0554 789 01 23,Goktug1999
0556 852 14 58,Cagri1982
cagri.cakir@example.com,Klööasdp2023
kaan.ozturk@outlook.com,Qweqwe123
muratcoskun@gmail.com,Qwe123
omer.faruk@gmail.com,Qweqwe123
goktug.cetin@example.com,Sdfghjklö123
yildiray.demirci@gmail.com,Furkan2004
furkan.celik@example.com,Qweqwe123
0554 789 01 23,Xcvbn456
burak.sen@icloud.com,Asdfghjkl2021
kaan.ozturk@outlook.com,Muratdagci
0551 741 85 36,Gizem2005
selcuk.celik@example.com,Goktug1999
omer.faruk@gmail.com,Muratcoskun1980
0539 147 85 62,Qazwsxedc2010
0542 369 85 47,Burak2001
905512345678,Aqwsedr2022
905512345678,Gfthyujk2020
ebru.ozdemir@outlook.com,Beyza1991
gulsahin@example.com,Muratcoskun1980
info@bilgeadam.com,Rtgyhjk2018
0558 147 36 25,Sdfghjk2017
ozgur.duman@gmail.com,SsAa2023
omer.faruk@gmail.com,SsAa2023
0549 852 36 98,Tyuiophjk2012
beyza.sahin@icloud.com,Zxswqazxsw2019
yildiray.demirci@gmail.com,Zxswqazxsw2019
umit.dag@icloud.com,Rtgyhjk2018
0554 789 01 23,Beyza1991
beyza.sahin@icloud.com,Rtgyhjk2018
ozgur.duman@gmail.com,Muratcoskun1980
0532 111 22 33,Umitdag1990
0537 854 32 14,Gizem2005
eray.erdogan@example.com,Gizem2005
yildiray.demirci@gmail.com,Yusuf2008
yusuf.albayrak@example.com,Bilge2024
0538 369 12 56,Asdfghjkl2021
murat.dagci@gmail.com,Qweqwe123
0542 369 85 47,Halil1994
0533-222-33-44,Enes2002
905513334422,Yhnmjhgfd2011
ozgur.duman@gmail.com,Muratcoskun1980
0555 123 45 67,Burak2001
905543210987,Bilge2024
furkan.celik@example.com,Furkan2004
0539 147 85 62,Gizem2005
0533-222-33-44,Tyuiophjk2012
0554 789 01 23,Ebru1992
omer.faruk@gmail.com,Aqwsedr2022
muratcoskun@gmail.com,Gsahin123
cagri.cakir@example.com,Ckaan1987
0532 111 22 33,Beyza1991
kaan.ozturk@outlook.com,Cansu1996
info@bilgeadam.com,Efgthyujk2025
0548-741-23-59,Halil1994
905542367890,Xcvbn456
beyza.sahin@icloud.com,Burak2001
0533-222-33-44,Sdfghjk2017
furkan.celik@example.com,Kaan1998
goktug.cetin@example.com,Ozgur123
905384563210,Ozgur123
905384926530,Goktug1999
cansu.duman@icloud.com,Omer1995
0549 852 36 98,Yusuf2008
kaan.ozturk@outlook.com,Gfthyujk2020
905512345678,Sdfghjklö123
905512345678,Eray2006
0548-741-23-59,Furkan2004
905542367890,Yhnmjhgfd2011
murat.dagci@gmail.com,Burak2001
info@bilgeadam.com,Gizem2005
can.kaan@outlook.com,Yhnmjhgfd2011
0532 111 22 33,Ftgyhuikmjn
enes.sen@gmail.com,Gizem2005
905512345678,Cansu1996
kaan.ozturk@outlook.com,Qwe123
beyza.sahin@icloud.com,Tr7245
muratcoskun@gmail.com,Aqwsedr2022
0551 741 85 36,Ftgyhuikmjn
905384563210,Efgthyujk2025
goktug.cetin@example.com,Ebru1992
kaan.ozturk@outlook.com,Enes2002
enes.sen@gmail.com,Qazwsxedc2010
0542 369 85 47,Furkan2009
905384563210,Halil1994
905542367890,Furkan2009
0554 789 01 23,Muratdagci
0548-741-23-59,Muratdagci
muratcoskun@gmail.com,Xcvbn456
muratcoskun@gmail.com,Zxswqaz654
furkan.celik@example.com,Muratdagci
905543210987,Klööasdp2023
0556 852 14 58,Klööasdp2023
0558 147 36 25,Qweqwe123
905384210987,Rtgyhjk2018
beyza.sahin@icloud.com,Eray2006
ozge.kilic@outlook.com,Ftgyhuikmjn
beyza.sahin@icloud.com,Umitdag1990
0542 369 85 47,Eray2006
ozgur.duman@gmail.com,Eray2006
cansu.duman@icloud.com,Muratcoskun1980
ebru.ozdemir@outlook.com,Zxswqazxsw2019
905384563210,Beyza1991
cansu.duman@icloud.com,Yusuf2008
905544332211,Gsahin123
umit.dag@icloud.com,Qazwsxedc2010
burak.sen@icloud.com,Qwe123
905383012345,Gsahin123
0554 789 01 23,Ydemirci87
905542367890,Asdfghjkl2021
murat.dagci@gmail.com,Ftgyhuikmjn
halil.koc@outlook.com,Halil1994
905542367890,Tr7245
muratcoskun@gmail.com,Eray2006
halil.koc@outlook.com,SsAa2023
selcuk.celik@example.com,Ckaan1987
ebru.ozdemir@outlook.com,Selcuk2003
905512345678,Goktug1999
muratcoskun@gmail.com,Muratcoskun1980
905544332211,Hrt234
0533-222-33-44,Selcuk2003
ozgur.duman@gmail.com,Rtgyhjk2018
info@bilgeadam.com,Furkan2004
